"DESCRIPTION","DURATION IN MS","NAME","PARENT SUITE","START TIME","STATUS","STOP TIME","SUB SUITE","SUITE","TEST CLASS","TEST METHOD"
"","277","DR-TC299: Verificar rechazo en actualizar un paciente con sex excediendo longitud máxima","tests.Patient","Tue Nov 04 00:09:07 UTC 2025","skipped","Tue Nov 04 00:09:07 UTC 2025","","test_DR_US_08_PATCH_patient","",""
"","625","DR-TC172: Verificar que no se pueda registrar un paciente sin father_name","tests.Patient","Tue Nov 04 00:06:19 UTC 2025","passed","Tue Nov 04 00:06:20 UTC 2025","","test_DR_US_06_POST_patient","",""
"","1108","DR-TC42: Verificar rechazo en la creación de profesional con address excediendo longitud máxima","tests.Professional","Tue Nov 04 00:09:50 UTC 2025","skipped","Tue Nov 04 00:09:51 UTC 2025","","test_DR_US_02_POST_professional","",""
"","246","DR-TC290: Verificar que no se pueda actualizar un paciente con fissure_type con un valor inválido","tests.Patient","Tue Nov 04 00:08:44 UTC 2025","skipped","Tue Nov 04 00:08:44 UTC 2025","","test_DR_US_08_PATCH_patient","",""
"","0","DR-TC192: Verificar que no se complete el registro de un paciente con solo caracteres especiales en address","tests.Patient","Tue Nov 04 00:06:41 UTC 2025","skipped","Tue Nov 04 00:06:41 UTC 2025","","test_DR_US_06_POST_patient","",""
"","238","DR-TC292: Verificar que no se pueda actualizar un paciente con ref_number_1 con un valor inválido","tests.Patient","Tue Nov 04 00:08:47 UTC 2025","skipped","Tue Nov 04 00:08:47 UTC 2025","","test_DR_US_08_PATCH_patient","",""
"","1","DR-TC272: Verificar que no se pueda actualizar un paciente con dni con un valor de solo espacios","tests.Patient","Tue Nov 04 00:08:20 UTC 2025","skipped","Tue Nov 04 00:08:20 UTC 2025","","test_DR_US_08_PATCH_patient","",""
"","210","DR-TC202: Verificar que no se registre un paciente con photo_path inválido","tests.Patient","Tue Nov 04 00:06:52 UTC 2025","passed","Tue Nov 04 00:06:53 UTC 2025","","test_DR_US_06_POST_patient","",""
"","1","DR-TC48: Verificar rechazo en la creación de profesional con photo_path excediendo tamaño máximo","tests.Professional","Tue Nov 04 00:09:59 UTC 2025","skipped","Tue Nov 04 00:09:59 UTC 2025","","test_DR_US_02_POST_professional","",""
"","223","DR‑TC273: Verificar que no se pueda actualizar un paciente con date_of_birth con un valor de solo espacios","tests.Patient","Tue Nov 04 00:08:22 UTC 2025","passed","Tue Nov 04 00:08:22 UTC 2025","","test_DR_US_08_PATCH_patient","",""
"","229","DR-TC112: Verificar que no se pueda actualizar un profesional con specialty con un valor vacio","tests.Professional","Tue Nov 04 00:11:12 UTC 2025","passed","Tue Nov 04 00:11:13 UTC 2025","","test_DR_US_04_PATCH_professional","",""
"","280","DR-TC252: Verificar que se pueda actualizar un paciente con country  Perú","tests.Patient","Tue Nov 04 00:07:49 UTC 2025","passed","Tue Nov 04 00:07:50 UTC 2025","","test_DR_US_08_PATCH_patient","",""
"","234","DR-TC266: Verificar que no se pueda actualizar un paciente con fissure_type con un valor vacio","tests.Patient","Tue Nov 04 00:08:12 UTC 2025","passed","Tue Nov 04 00:08:12 UTC 2025","","test_DR_US_08_PATCH_patient","",""
"","276","DR-TC238: Verificar actualización exitosa de un paciente modificando solo el campo mother_name","tests.Patient","Tue Nov 04 00:07:28 UTC 2025","passed","Tue Nov 04 00:07:29 UTC 2025","","test_DR_US_08_PATCH_patient","",""
"","199","DR-TC35: Verificar que no se registre un profesional con photo_path con un formatoinválido","tests.Professional","Tue Nov 04 00:09:45 UTC 2025","passed","Tue Nov 04 00:09:46 UTC 2025","","test_DR_US_02_POST_professional","",""
"","201","DR-TC228: Verificar que no se pueda obtener los datos de un paciente con ID inválido","tests.Patient","Tue Nov 04 00:07:19 UTC 2025","passed","Tue Nov 04 00:07:19 UTC 2025","","test_DR_US_07_GET_patient","",""
"","413","DR-TC218: Verificar que no se pueda crear un paciente sin autenticación","tests.Patient","Tue Nov 04 00:07:17 UTC 2025","passed","Tue Nov 04 00:07:17 UTC 2025","","test_DR_US_06_POST_patient","",""
"","179","DR-TC73: Verificar obtención de datos de un profesional por ID","tests.Professional","Tue Nov 04 00:10:12 UTC 2025","passed","Tue Nov 04 00:10:13 UTC 2025","","test_DR_US_03_GET_professional","",""
"","235","DR-TC96: Verificar que se pueda actualizar un profesional con country Bolivia","tests.Professional","Tue Nov 04 00:10:45 UTC 2025","passed","Tue Nov 04 00:10:45 UTC 2025","","test_DR_US_04_PATCH_professional","",""
"","240","DR-TC306: Verificar rechazo en actualizar un paciente con province excediendo longitud máxima","tests.Patient","Tue Nov 04 00:09:04 UTC 2025","skipped","Tue Nov 04 00:09:04 UTC 2025","","test_DR_US_08_PATCH_patient","",""
"","205","DR-TC90: Verificar actualización exitosa de un profesional modificando solo el campo phone","tests.Professional","Tue Nov 04 00:10:29 UTC 2025","passed","Tue Nov 04 00:10:29 UTC 2025","","test_DR_US_04_PATCH_professional","",""
"","1163","DR-TC40: Verificar rechazo en la creación de profesional con city excediendo longitud máxima","tests.Professional","Tue Nov 04 00:09:48 UTC 2025","skipped","Tue Nov 04 00:09:49 UTC 2025","","test_DR_US_02_POST_professional","",""
"","250","DR-TC21: Verificar que no se pueda registrar un profesional sin personal_email","tests.Professional","Tue Nov 04 00:09:37 UTC 2025","passed","Tue Nov 04 00:09:38 UTC 2025","","test_DR_US_02_POST_professional","",""
"","240","DR-TC94: Verificar que se pueda actualizar un profesional con sex masculino","tests.Professional","Tue Nov 04 00:10:37 UTC 2025","passed","Tue Nov 04 00:10:37 UTC 2025","","test_DR_US_04_PATCH_professional","",""
"","0","DR-TC59: Verificar que no se complete el registro de un profesional con solo caracteres especiales en province","tests.Professional","Tue Nov 04 00:09:39 UTC 2025","skipped","Tue Nov 04 00:09:39 UTC 2025","","test_DR_US_02_POST_professional","",""
"","270","DR-TC261: Verificar que no se pueda actualizar un paciente con date_of_birth con un valor vacio","tests.Patient","Tue Nov 04 00:08:04 UTC 2025","passed","Tue Nov 04 00:08:04 UTC 2025","","test_DR_US_08_PATCH_patient","",""
"","1708","DR-TC177: Verificar que se puede registrar un paciente con sex masculino","tests.Patient","Tue Nov 04 00:06:23 UTC 2025","passed","Tue Nov 04 00:06:25 UTC 2025","","test_DR_US_06_POST_patient","",""
"","0","DR-TC269: Verificar que no se pueda actualizar un paciente con last_name con un valor de solo espacios","tests.Patient","Tue Nov 04 00:08:16 UTC 2025","skipped","Tue Nov 04 00:08:16 UTC 2025","","test_DR_US_08_PATCH_patient","",""
"","201","DR-TC80: Verificar fallo en obtención de lista de profesionales con método HTTP incorrecto DELETE","tests.Professional","Tue Nov 04 00:10:14 UTC 2025","passed","Tue Nov 04 00:10:14 UTC 2025","","test_DR_US_03_GET_professional","",""
"","0","DR-TC275: Verificar que no se pueda actualizar un paciente con country con un valor de solo espacios","tests.Patient","Tue Nov 04 00:08:25 UTC 2025","skipped","Tue Nov 04 00:08:25 UTC 2025","","test_DR_US_08_PATCH_patient","",""
"","279","DR-TC92: Verificar actualización exitosa de un profesional modificando solo el campo specialty","tests.Professional","Tue Nov 04 00:10:33 UTC 2025","passed","Tue Nov 04 00:10:33 UTC 2025","","test_DR_US_04_PATCH_professional","",""
"","0","DR-TC55: Verificar que no se registre un profesional con phone duplicado","tests.Professional","Tue Nov 04 00:10:01 UTC 2025","skipped","Tue Nov 04 00:10:01 UTC 2025","","test_DR_US_02_POST_professional","",""
"","2148","DR-TC33: Verificar que no se registre un profesional con personal_email inválido","tests.Professional","Tue Nov 04 00:09:42 UTC 2025","passed","Tue Nov 04 00:09:44 UTC 2025","","test_DR_US_02_POST_professional","",""
"","154","DR-TC50: Verificar fallo en el registro de profesional con método HTTP incorrecto GET","tests.Professional","Tue Nov 04 00:10:00 UTC 2025","skipped","Tue Nov 04 00:10:00 UTC 2025","","test_DR_US_02_POST_professional","",""
"","487","DR-TC168: Verificar que no se pueda registrar un paciente sin date_of_birth","tests.Patient","Tue Nov 04 00:06:17 UTC 2025","passed","Tue Nov 04 00:06:17 UTC 2025","","test_DR_US_06_POST_patient","",""
"","280","DR-TC139: Verificar rechazo en actualizar un profesional con address excediendo longitud máxima","tests.Professional","Tue Nov 04 00:12:00 UTC 2025","skipped","Tue Nov 04 00:12:00 UTC 2025","","test_DR_US_04_PATCH_professional","",""
"","0","DR-TC308: Verificar que no se pueda actualizar dni a un valor ya existente en otro paciente","tests.Patient","Tue Nov 04 00:09:11 UTC 2025","skipped","Tue Nov 04 00:09:11 UTC 2025","","test_DR_US_08_PATCH_patient","",""
"","619","DR-TC167: Verificar que no se pueda registrar un paciente sin last_name","tests.Patient","Tue Nov 04 00:06:16 UTC 2025","passed","Tue Nov 04 00:06:17 UTC 2025","","test_DR_US_06_POST_patient","",""
"","207","DR-TC109: Verificar que no se pueda actualizar un profesional con personal_email con un valor vacio","tests.Professional","Tue Nov 04 00:11:07 UTC 2025","passed","Tue Nov 04 00:11:08 UTC 2025","","test_DR_US_04_PATCH_professional","",""
"","1082","DR-TC64: Verificar que se puede registrar un profesional con sex femenino","tests.Professional","Tue Nov 04 00:10:02 UTC 2025","passed","Tue Nov 04 00:10:03 UTC 2025","","test_DR_US_02_POST_professional","",""
"","484","DR-TC321: Verificar registro fotográfico fallido de un paciente con ID inválido","tests.Patient","Tue Nov 04 00:09:30 UTC 2025","passed","Tue Nov 04 00:09:31 UTC 2025","","test_DR_US_10_POST_patient_photographic_record","",""
"","0","DR-TC147: Verificar que no se pueda actualizar phone a un valor ya existente en otro profesional","tests.Professional","Tue Nov 04 00:12:15 UTC 2025","skipped","Tue Nov 04 00:12:15 UTC 2025","","test_DR_US_04_PATCH_professional","",""
"","1954","DR-TC183: Verificar que se puede registrar un paciente con country Flap izquierdo","tests.Patient","Tue Nov 04 00:06:35 UTC 2025","passed","Tue Nov 04 00:06:37 UTC 2025","","test_DR_US_06_POST_patient","",""
"","2488","DR-TC164: Verificar registro de paciente con todos los campos válidos","tests.Patient","Tue Nov 04 00:06:11 UTC 2025","passed","Tue Nov 04 00:06:13 UTC 2025","","test_DR_US_06_POST_patient","",""
"","342","DR-TC329: Verificar que no se pueda obtener el registro fotográfico de pacientecon token invalido","tests.Patient","Tue Nov 04 00:09:33 UTC 2025","passed","Tue Nov 04 00:09:33 UTC 2025","","test_DR_US_11_GET_patient_photographic_record","",""
"","337","DR-TC176: Verificar que no se pueda registrar un paciente sin photo","tests.Patient","Tue Nov 04 00:06:23 UTC 2025","passed","Tue Nov 04 00:06:23 UTC 2025","","test_DR_US_06_POST_patient","",""
"","2069","DR-TC165: Verificar registro de paciente únicamente con los campos obligatorios","tests.Patient","Tue Nov 04 00:06:13 UTC 2025","passed","Tue Nov 04 00:06:16 UTC 2025","","test_DR_US_06_POST_patient","",""
"","268","DR-TC88: Verificar actualización exitosa de un profesional modificando solo el campo dni","tests.Professional","Tue Nov 04 00:10:26 UTC 2025","passed","Tue Nov 04 00:10:26 UTC 2025","","test_DR_US_04_PATCH_professional","",""
"","629","DR-TC170: Verificar que no se pueda registrar un paciente sin country","tests.Patient","Tue Nov 04 00:06:18 UTC 2025","passed","Tue Nov 04 00:06:18 UTC 2025","","test_DR_US_06_POST_patient","",""
"","273","DR-TC140: Verificar rechazo en actualizar un profesional con dni excediendo longitud máxima","tests.Professional","Tue Nov 04 00:12:02 UTC 2025","skipped","Tue Nov 04 00:12:02 UTC 2025","","test_DR_US_04_PATCH_professional","",""
"","246","DR-TC98: Verificar que se pueda actualizar un profesional con country  Perú","tests.Professional","Tue Nov 04 00:10:48 UTC 2025","passed","Tue Nov 04 00:10:49 UTC 2025","","test_DR_US_04_PATCH_professional","",""
"","200","DR-TC320: Verificar registro fotográfico fallido con formato invalido en photo_path","tests.Patient","Tue Nov 04 00:09:30 UTC 2025","passed","Tue Nov 04 00:09:30 UTC 2025","","test_DR_US_10_POST_patient_photographic_record","",""
"","1716","DR-TC214: Verificar rechazo en la creación de paciente con province excediendo longitud máxima","tests.Patient","Tue Nov 04 00:07:07 UTC 2025","skipped","Tue Nov 04 00:07:09 UTC 2025","","test_DR_US_06_POST_patient","",""
"","262","DR-TC15: Verificar que no se pueda registrar un profesional sin first_name","tests.Professional","Tue Nov 04 00:09:36 UTC 2025","passed","Tue Nov 04 00:09:36 UTC 2025","","test_DR_US_02_POST_professional","",""
"","208","DR-TC135: Verificar rechazo en actualizar un profesional con sex excediendo longitud máxima","tests.Professional","Tue Nov 04 00:12:09 UTC 2025","skipped","Tue Nov 04 00:12:09 UTC 2025","","test_DR_US_04_PATCH_professional","",""
"","1898","DR-TC201: Verificar que no se registre un paciente con fissure_type inválido","tests.Patient","Tue Nov 04 00:06:49 UTC 2025","passed","Tue Nov 04 00:06:51 UTC 2025","","test_DR_US_06_POST_patient","",""
"","241","DR-TC136: Verificar rechazo en actualizar un profesional con country excediendo longitud máxima","tests.Professional","Tue Nov 04 00:12:11 UTC 2025","skipped","Tue Nov 04 00:12:11 UTC 2025","","test_DR_US_04_PATCH_professional","",""
"","636","DR-TC02: Verificar login exitoso con credenciales válidas como professional","tests.Login","Tue Nov 04 00:06:07 UTC 2025","passed","Tue Nov 04 00:06:07 UTC 2025","","test_DR_US_01_Login","",""
"","1","DR-TC156: Verificar que no se pueda actualizar un profesional con province con caracteres especiales","tests.Professional","Tue Nov 04 00:11:39 UTC 2025","skipped","Tue Nov 04 00:11:39 UTC 2025","","test_DR_US_04_PATCH_professional","",""
"","214","DR‑TC267: Verificar que no se pueda actualizar un paciente con photo vacio","tests.Patient","Tue Nov 04 00:08:13 UTC 2025","passed","Tue Nov 04 00:08:13 UTC 2025","","test_DR_US_08_PATCH_patient","",""
"","0","DR-TC224: Verificar que no se registre un paciente con country inválido Brasil","tests.Patient","Tue Nov 04 00:06:52 UTC 2025","skipped","Tue Nov 04 00:06:52 UTC 2025","","test_DR_US_06_POST_patient","",""
"","260","DR-TC19: Verificar que no se pueda registrar un profesional sin country","tests.Professional","Tue Nov 04 00:09:37 UTC 2025","passed","Tue Nov 04 00:09:37 UTC 2025","","test_DR_US_02_POST_professional","",""
"","275","DR-TC86: Verificar actualización exitosa de un profesional modificando solo el campo province","tests.Professional","Tue Nov 04 00:10:23 UTC 2025","passed","Tue Nov 04 00:10:23 UTC 2025","","test_DR_US_04_PATCH_professional","",""
"","219","DR-TC49: Verificar que no se pueda crear un profesional sin autenticación","tests.Professional","Tue Nov 04 00:09:59 UTC 2025","passed","Tue Nov 04 00:09:59 UTC 2025","","test_DR_US_02_POST_professional","",""
"","280","DR-TC87: Verificar actualización exitosa de un profesional modificando solo el campo address","tests.Professional","Tue Nov 04 00:10:24 UTC 2025","passed","Tue Nov 04 00:10:25 UTC 2025","","test_DR_US_04_PATCH_professional","",""
"","233","DR-TC106: Verificar que no se pueda actualizar un profesional con sex con un valor vacio","tests.Professional","Tue Nov 04 00:11:02 UTC 2025","passed","Tue Nov 04 00:11:02 UTC 2025","","test_DR_US_04_PATCH_professional","",""
"","1281","DR-TC32: Verificar que no se registre un profesional con country inválido","tests.Professional","Tue Nov 04 00:09:41 UTC 2025","passed","Tue Nov 04 00:09:42 UTC 2025","","test_DR_US_02_POST_professional","",""
"","406","DR-TC173: Verificar que no se pueda registrar un paciente sin mother_name","tests.Patient","Tue Nov 04 00:06:20 UTC 2025","passed","Tue Nov 04 00:06:20 UTC 2025","","test_DR_US_06_POST_patient","",""
"","196","DR-TC17: Verificar que no se pueda registrar un profesional sin date_of_birth","tests.Professional","Tue Nov 04 00:09:36 UTC 2025","passed","Tue Nov 04 00:09:37 UTC 2025","","test_DR_US_02_POST_professional","",""
"","182","DR-TC227: Verificar obtención de datos de un paciente por ID","tests.Patient","Tue Nov 04 00:07:19 UTC 2025","passed","Tue Nov 04 00:07:19 UTC 2025","","test_DR_US_07_GET_patient","",""
"","274","DR-TC133: Verificar rechazo en actualizar un profesional con first_name excediendo longitud máxima","tests.Professional","Tue Nov 04 00:11:54 UTC 2025","skipped","Tue Nov 04 00:11:54 UTC 2025","","test_DR_US_04_PATCH_professional","",""
"","341","DR-TC229: Verificar que no se pueda obtener los datos de un paciente con ID que no existente","tests.Patient","Tue Nov 04 00:07:19 UTC 2025","passed","Tue Nov 04 00:07:20 UTC 2025","","test_DR_US_07_GET_patient","",""
"","215","DR‑TC113: Verificar que no se pueda actualizar un profesional con photo vacio","tests.Professional","Tue Nov 04 00:11:14 UTC 2025","passed","Tue Nov 04 00:11:14 UTC 2025","","test_DR_US_04_PATCH_professional","",""
"","1","DR-TC189: Verificar que no se complete el registro de un paciente con solo caracteres especiales en mother_name","tests.Patient","Tue Nov 04 00:06:41 UTC 2025","skipped","Tue Nov 04 00:06:41 UTC 2025","","test_DR_US_06_POST_patient","",""
"","191","DR-TC79: Verificar fallo en obtención de lista de profesionales con método HTTP incorrecto PATCH","tests.Professional","Tue Nov 04 00:10:14 UTC 2025","passed","Tue Nov 04 00:10:14 UTC 2025","","test_DR_US_03_GET_professional","",""
"","270","DR-TC128: Verificar que no se pueda actualizar un profesional con sex con un valor inválido","tests.Professional","Tue Nov 04 00:11:46 UTC 2025","skipped","Tue Nov 04 00:11:47 UTC 2025","","test_DR_US_04_PATCH_professional","",""
"","0","DR-TC274: Verificar que no se pueda actualizar un paciente con sex con un valor de solo espacios","tests.Patient","Tue Nov 04 00:08:24 UTC 2025","skipped","Tue Nov 04 00:08:24 UTC 2025","","test_DR_US_08_PATCH_patient","",""
"","338","DR-TC07: Verificar login fallido con usuario válido y contraseña vacía","tests.Login","Tue Nov 04 00:06:09 UTC 2025","passed","Tue Nov 04 00:06:09 UTC 2025","","test_DR_US_01_Login","",""
"","0","DR-TC188: Verificar que no se complete el registro de un paciente con solo caracteres especiales en father_name","tests.Patient","Tue Nov 04 00:06:41 UTC 2025","skipped","Tue Nov 04 00:06:41 UTC 2025","","test_DR_US_06_POST_patient","",""
"","1030","DR-TC38: Verificar rechazo en la creación de profesional con sex excediendo longitud máxima","tests.Professional","Tue Nov 04 00:09:57 UTC 2025","passed","Tue Nov 04 00:09:58 UTC 2025","","test_DR_US_02_POST_professional","",""
"","252","DR-TC16: Verificar que no se pueda registrar un profesional sin last_name","tests.Professional","Tue Nov 04 00:09:36 UTC 2025","passed","Tue Nov 04 00:09:36 UTC 2025","","test_DR_US_02_POST_professional","",""
"","0","DR-TC155: Verificar que no se pueda actualizar un profesional con city con caracteres especiales","tests.Professional","Tue Nov 04 00:11:38 UTC 2025","skipped","Tue Nov 04 00:11:38 UTC 2025","","test_DR_US_04_PATCH_professional","",""
"","1931","DR-TC205: Verificar rechazo en la creación de paciente con father_name excediendo longitud máxima","tests.Patient","Tue Nov 04 00:06:56 UTC 2025","skipped","Tue Nov 04 00:06:58 UTC 2025","","test_DR_US_06_POST_patient","",""
"","1112","DR-TC66: Verificar que se puede registrar un profesional con country México","tests.Professional","Tue Nov 04 00:10:05 UTC 2025","passed","Tue Nov 04 00:10:06 UTC 2025","","test_DR_US_02_POST_professional","",""
"","0","DR-TC276: Verificar que no se pueda actualizar un paciente con ref_number_1 con un valor de solo espacios","tests.Patient","Tue Nov 04 00:08:21 UTC 2025","skipped","Tue Nov 04 00:08:21 UTC 2025","","test_DR_US_08_PATCH_patient","",""
"","246","DR-TC61: Verificar que no se pueda crear un profesional con token invalido","tests.Professional","Tue Nov 04 00:09:59 UTC 2025","passed","Tue Nov 04 00:10:00 UTC 2025","","test_DR_US_02_POST_professional","",""
"","274","DR-TC85: Verificar actualización exitosa de un profesional modificando solo el campo city","tests.Professional","Tue Nov 04 00:10:21 UTC 2025","passed","Tue Nov 04 00:10:21 UTC 2025","","test_DR_US_04_PATCH_professional","",""
"","239","DR-TC295: Verificar rechazo en actualizar un paciente con first_name excediendo longitud máxima","tests.Patient","Tue Nov 04 00:08:51 UTC 2025","skipped","Tue Nov 04 00:08:52 UTC 2025","","test_DR_US_08_PATCH_patient","",""
"","248","DR-TC236: Verificar actualización exitosa de un paciente modificando solo el campo last_name","tests.Patient","Tue Nov 04 00:07:25 UTC 2025","passed","Tue Nov 04 00:07:25 UTC 2025","","test_DR_US_08_PATCH_patient","",""
"","1186","DR-TC65: Verificar que se puede registrar un profesional con country Bolivia","tests.Professional","Tue Nov 04 00:10:03 UTC 2025","passed","Tue Nov 04 00:10:04 UTC 2025","","test_DR_US_02_POST_professional","",""
"","1091","DR-TC69: Verificar que se puede registrar un profesional con country Estados Unidos","tests.Professional","Tue Nov 04 00:10:08 UTC 2025","passed","Tue Nov 04 00:10:10 UTC 2025","","test_DR_US_02_POST_professional","",""
"","0","DR-TC153: Verificar que no se pueda actualizar un profesional con profession con caracteres especiales","tests.Professional","Tue Nov 04 00:11:36 UTC 2025","skipped","Tue Nov 04 00:11:36 UTC 2025","","test_DR_US_04_PATCH_professional","",""
"","580","DR-TC04: Verificar login fallido con contraseña inválida","tests.Login","Tue Nov 04 00:06:08 UTC 2025","passed","Tue Nov 04 00:06:08 UTC 2025","","test_DR_US_01_Login","",""
"","272","DR-TC297: Verificar rechazo en actualizar un paciente con father_name excediendo longitud máxima","tests.Patient","Tue Nov 04 00:08:54 UTC 2025","skipped","Tue Nov 04 00:08:55 UTC 2025","","test_DR_US_08_PATCH_patient","",""
"","1631","DR-TC31: Verificar que no se registre un profesional con sex inválido","tests.Professional","Tue Nov 04 00:09:39 UTC 2025","passed","Tue Nov 04 00:09:41 UTC 2025","","test_DR_US_02_POST_professional","",""
"","222","DR-TC23: Verificar que no se pueda registrar un profesional sin profession","tests.Professional","Tue Nov 04 00:09:38 UTC 2025","passed","Tue Nov 04 00:09:38 UTC 2025","","test_DR_US_02_POST_professional","",""
"","1920","DR-TC185: Verificar que se puede registrar un paciente con country Flap derecho","tests.Patient","Tue Nov 04 00:06:39 UTC 2025","passed","Tue Nov 04 00:06:41 UTC 2025","","test_DR_US_06_POST_patient","",""
"","236","DR-TC108: Verificar que no se pueda actualizar un profesional con dni con un valor vacio","tests.Professional","Tue Nov 04 00:11:06 UTC 2025","passed","Tue Nov 04 00:11:06 UTC 2025","","test_DR_US_04_PATCH_professional","",""
"","235","DR‑TC310: Verificar que no se pueda actualizar un paciente con id invalido","tests.Patient","Tue Nov 04 00:09:12 UTC 2025","passed","Tue Nov 04 00:09:12 UTC 2025","","test_DR_US_08_PATCH_patient","",""
"","283","DR-TC83: Verificar actualización exitosa de un profesional modificando solo el campo last_name","tests.Professional","Tue Nov 04 00:10:18 UTC 2025","passed","Tue Nov 04 00:10:18 UTC 2025","","test_DR_US_04_PATCH_professional","",""
"","0","DR-TC216: Verificar rechazo en la creación de paciente con photo_path excediendo tamaño máximo","tests.Patient","Tue Nov 04 00:07:17 UTC 2025","skipped","Tue Nov 04 00:07:17 UTC 2025","","test_DR_US_06_POST_patient","",""
"","267","DR‑TC309: Verificar que no se pueda actualizar un paciente inexistente","tests.Patient","Tue Nov 04 00:09:12 UTC 2025","passed","Tue Nov 04 00:09:12 UTC 2025","","test_DR_US_08_PATCH_patient","",""
"","1905","DR-TC207: Verificar rechazo en la creación de paciente con sex excediendo longitud máxima","tests.Patient","Tue Nov 04 00:07:11 UTC 2025","passed","Tue Nov 04 00:07:13 UTC 2025","","test_DR_US_06_POST_patient","",""
"","197","DR-TC231: Verificar que no se pueda obtener la lista de pacientes con token invalido","tests.Patient","Tue Nov 04 00:07:20 UTC 2025","passed","Tue Nov 04 00:07:20 UTC 2025","","test_DR_US_07_GET_patient","",""
"","1","DR-TC125: Verificar que no se pueda actualizar un profesional con last_name con caracteres especiales","tests.Professional","Tue Nov 04 00:11:34 UTC 2025","skipped","Tue Nov 04 00:11:34 UTC 2025","","test_DR_US_04_PATCH_professional","",""
"","1239","DR-TC13: Verificar registro de profesional con todos los campos válidos","tests.Professional","Tue Nov 04 00:09:33 UTC 2025","passed","Tue Nov 04 00:09:34 UTC 2025","","test_DR_US_02_POST_professional","",""
"","0","DR-TC27: Verificar que no se complete el registro de un profesional con solo caracteres especiales en last_name","tests.Professional","Tue Nov 04 00:09:39 UTC 2025","skipped","Tue Nov 04 00:09:39 UTC 2025","","test_DR_US_02_POST_professional","",""
"","618","DR-TC171: Verificar que no se pueda registrar un paciente sin dni","tests.Patient","Tue Nov 04 00:06:18 UTC 2025","passed","Tue Nov 04 00:06:19 UTC 2025","","test_DR_US_06_POST_patient","",""
"","1834","DR-TC213: Verificar rechazo en la creación de paciente con city excediendo longitud máxima","tests.Patient","Tue Nov 04 00:07:06 UTC 2025","skipped","Tue Nov 04 00:07:07 UTC 2025","","test_DR_US_06_POST_patient","",""
"","289","DR-TC253: Verificar que se pueda actualizar un paciente con country República Dominicana","tests.Patient","Tue Nov 04 00:07:51 UTC 2025","passed","Tue Nov 04 00:07:51 UTC 2025","","test_DR_US_08_PATCH_patient","",""
"","0","DR‑TC127: Verificar que no se pueda actualizar un profesional con date_of_birth a una fecha futura","tests.Professional","Tue Nov 04 00:11:45 UTC 2025","skipped","Tue Nov 04 00:11:45 UTC 2025","","test_DR_US_04_PATCH_professional","",""
"","0","DR-TC30: Verificar que no se registre un profesional con date_of_birth en el futuro","tests.Professional","Tue Nov 04 00:09:39 UTC 2025","skipped","Tue Nov 04 00:09:39 UTC 2025","","test_DR_US_02_POST_professional","",""
"","199","DR-TC159: Verificar eliminación de profesional fallida con ID inválido","tests.Professional","Tue Nov 04 00:12:21 UTC 2025","passed","Tue Nov 04 00:12:21 UTC 2025","","test_DR_US_05_DELETE_professional","",""
"","724","DR-TC01: Verificar login exitoso con credenciales válidas como admin","tests.Login","Tue Nov 04 00:06:06 UTC 2025","passed","Tue Nov 04 00:06:07 UTC 2025","","test_DR_US_01_Login","",""
"","1090","DR-TC63: Verificar que se puede registrar un profesional con sex masculino","tests.Professional","Tue Nov 04 00:10:01 UTC 2025","passed","Tue Nov 04 00:10:02 UTC 2025","","test_DR_US_02_POST_professional","",""
"","262","DR-TC152: Verificar que no se pueda actualizar un profesional con date_of_birth con formato inválido aaaa/dd/mm","tests.Professional","Tue Nov 04 00:11:43 UTC 2025","passed","Tue Nov 04 00:11:44 UTC 2025","","test_DR_US_04_PATCH_professional","",""
"","338","DR-TC316: Verificar eliminación de paciente fallida sin autenticación","tests.Patient","Tue Nov 04 00:09:17 UTC 2025","passed","Tue Nov 04 00:09:17 UTC 2025","","test_DR_US_09_DELETE_patient","",""
"","237","DR-TC82: Verificar actualización exitosa de un profesional modificando solo el campo first_name","tests.Professional","Tue Nov 04 00:10:17 UTC 2025","passed","Tue Nov 04 00:10:17 UTC 2025","","test_DR_US_04_PATCH_professional","",""
"","0","DR-TC186: Verificar que no se complete el registro de un paciente con solo caracteres especiales en first_name","tests.Patient","Tue Nov 04 00:06:41 UTC 2025","skipped","Tue Nov 04 00:06:41 UTC 2025","","test_DR_US_06_POST_patient","",""
"","221","DR-TC29: Verificar que no se registre un profesional con date_of_birth en formato inválido aaaa/dd/mm","tests.Professional","Tue Nov 04 00:09:39 UTC 2025","passed","Tue Nov 04 00:09:39 UTC 2025","","test_DR_US_02_POST_professional","",""
"","248","DR-TC11: Verificar login fallido con método HTTP incorrecto DELETE","tests.Login","Tue Nov 04 00:06:10 UTC 2025","passed","Tue Nov 04 00:06:10 UTC 2025","","test_DR_US_01_Login","",""
"","0","DR-TC283: Verificar que no se pueda actualizar un paciente con province con caracteres especiales","tests.Patient","Tue Nov 04 00:08:34 UTC 2025","skipped","Tue Nov 04 00:08:34 UTC 2025","","test_DR_US_08_PATCH_patient","",""
"","1100","DR-TC68: Verificar que se puede registrar un profesional con country República Dominicana","tests.Professional","Tue Nov 04 00:10:07 UTC 2025","passed","Tue Nov 04 00:10:08 UTC 2025","","test_DR_US_02_POST_professional","",""
"","241","DR-TC251: Verificar que se pueda actualizar un paciente con country México","tests.Patient","Tue Nov 04 00:07:48 UTC 2025","passed","Tue Nov 04 00:07:48 UTC 2025","","test_DR_US_08_PATCH_patient","",""
"","1922","DR-TC193: Verificar que no se registre un paciente con dni inválido","tests.Patient","Tue Nov 04 00:06:41 UTC 2025","skipped","Tue Nov 04 00:06:43 UTC 2025","","test_DR_US_06_POST_patient","",""
"","213","DR-TC138: Verificar rechazo en actualizar un profesional con province excediendo longitud máxima","tests.Professional","Tue Nov 04 00:11:59 UTC 2025","skipped","Tue Nov 04 00:11:59 UTC 2025","","test_DR_US_04_PATCH_professional","",""
"","0","DR-TC191: Verificar que no se complete el registro de un paciente con solo caracteres especiales en province","tests.Patient","Tue Nov 04 00:06:41 UTC 2025","skipped","Tue Nov 04 00:06:41 UTC 2025","","test_DR_US_06_POST_patient","",""
"","1042","DR-TC67: Verificar que se puede registrar un profesional con country Perú","tests.Professional","Tue Nov 04 00:10:06 UTC 2025","passed","Tue Nov 04 00:10:07 UTC 2025","","test_DR_US_02_POST_professional","",""
"","468","DR-TC221: Verificar fallo en el registro de paciente con método HTTP incorrecto PUT","tests.Patient","Tue Nov 04 00:07:18 UTC 2025","passed","Tue Nov 04 00:07:18 UTC 2025","","test_DR_US_06_POST_patient","",""
"","464","DR-TC324: Verificar registro fotográfico fallido de paciente con token invalido","tests.Patient","Tue Nov 04 00:09:31 UTC 2025","passed","Tue Nov 04 00:09:32 UTC 2025","","test_DR_US_10_POST_patient_photographic_record","",""
"","1764","test_DR_TC_331_Professional","tests.e2e","Tue Nov 04 00:12:27 UTC 2025","passed","Tue Nov 04 00:12:29 UTC 2025","","test_DR_US_13_e2e_professional","",""
"","243","DR-TC259: Verificar que no se pueda actualizar un paciente con father_name con un valor vacio","tests.Patient","Tue Nov 04 00:08:01 UTC 2025","passed","Tue Nov 04 00:08:01 UTC 2025","","test_DR_US_08_PATCH_patient","",""
"","0","DR-TC281: Verificar que no se pueda actualizar un paciente con mother_name con caracteres especiales","tests.Patient","Tue Nov 04 00:08:31 UTC 2025","skipped","Tue Nov 04 00:08:31 UTC 2025","","test_DR_US_08_PATCH_patient","",""
"","237","DR-TC77: Verificar que no se pueda obtener la lista de profesionales con token invalido","tests.Professional","Tue Nov 04 00:10:13 UTC 2025","passed","Tue Nov 04 00:10:13 UTC 2025","","test_DR_US_03_GET_professional","",""
"","201","DR-TC75:  Verificar que no se pueda obtener los datos de un profesional con ID que no existente","tests.Professional","Tue Nov 04 00:10:13 UTC 2025","passed","Tue Nov 04 00:10:13 UTC 2025","","test_DR_US_03_GET_professional","",""
"","0","DR-TC282: Verificar que no se pueda actualizar un paciente con city con caracteres especiales","tests.Patient","Tue Nov 04 00:08:32 UTC 2025","skipped","Tue Nov 04 00:08:32 UTC 2025","","test_DR_US_08_PATCH_patient","",""
"","291","DR-TC08: Verificar login fallido con credenciales que exceden longitud máxima","tests.Login","Tue Nov 04 00:06:09 UTC 2025","passed","Tue Nov 04 00:06:10 UTC 2025","","test_DR_US_01_Login","",""
"","1918","DR-TC175: Verificar que no se pueda registrar un paciente sin fissure_type","tests.Patient","Tue Nov 04 00:06:21 UTC 2025","skipped","Tue Nov 04 00:06:23 UTC 2025","","test_DR_US_06_POST_patient","",""
"","1766","DR-TC182: Verificar que se puede registrar un paciente con country República Dominicana","tests.Patient","Tue Nov 04 00:06:33 UTC 2025","passed","Tue Nov 04 00:06:35 UTC 2025","","test_DR_US_06_POST_patient","",""
"","238","DR-TC134: Verificar rechazo en actualizar un profesional con last_name excediendo longitud máxima","tests.Professional","Tue Nov 04 00:11:56 UTC 2025","skipped","Tue Nov 04 00:11:56 UTC 2025","","test_DR_US_04_PATCH_professional","",""
"","204","DR-TC325: Verificar obtención de registro fotográfico de un paciente","tests.Patient","Tue Nov 04 00:09:32 UTC 2025","passed","Tue Nov 04 00:09:32 UTC 2025","","test_DR_US_11_GET_patient_photographic_record","",""
"","0","DR-TC26: Verificar que no se complete el registro de un profesional con solo caracteres especiales en first_name","tests.Professional","Tue Nov 04 00:09:39 UTC 2025","skipped","Tue Nov 04 00:09:39 UTC 2025","","test_DR_US_02_POST_professional","",""
"","337","DR-TC25: Verificar que no se pueda registrar un profesional sin photo","tests.Professional","Tue Nov 04 00:09:38 UTC 2025","passed","Tue Nov 04 00:09:39 UTC 2025","","test_DR_US_02_POST_professional","",""
"","226","DR-TC286: Verificar que no se pueda actualizar un paciente con date_of_birth con formato inválido aaaa/dd/mm","tests.Patient","Tue Nov 04 00:08:38 UTC 2025","passed","Tue Nov 04 00:08:38 UTC 2025","","test_DR_US_08_PATCH_patient","",""
"","275","DR-TC111: Verificar que no se pueda actualizar un profesional con profession con un valor vacio","tests.Professional","Tue Nov 04 00:11:11 UTC 2025","passed","Tue Nov 04 00:11:11 UTC 2025","","test_DR_US_04_PATCH_professional","",""
"","0","DR-TC271: Verificar que no se pueda actualizar un paciente con mother_name con un valor de solo espacios","tests.Patient","Tue Nov 04 00:08:18 UTC 2025","skipped","Tue Nov 04 00:08:18 UTC 2025","","test_DR_US_08_PATCH_patient","",""
"","1","DR-TC187: Verificar que no se complete el registro de un paciente con solo caracteres especiales en last_name","tests.Patient","Tue Nov 04 00:06:41 UTC 2025","skipped","Tue Nov 04 00:06:41 UTC 2025","","test_DR_US_06_POST_patient","",""
"","411","DR-TC196: Verificar que no se registre un paciente con date_of_birth en formato inválido mm/dd/aaaa","tests.Patient","Tue Nov 04 00:06:51 UTC 2025","passed","Tue Nov 04 00:06:51 UTC 2025","","test_DR_US_06_POST_patient","",""
"","229","DR-TC289: Verificar que no se pueda actualizar un paciente con country con un valor inválido","tests.Patient","Tue Nov 04 00:08:42 UTC 2025","skipped","Tue Nov 04 00:08:42 UTC 2025","","test_DR_US_08_PATCH_patient","",""
"","214","DR-TC249: Verificar que se pueda actualizar un paciente con sex femenino","tests.Patient","Tue Nov 04 00:07:45 UTC 2025","passed","Tue Nov 04 00:07:45 UTC 2025","","test_DR_US_08_PATCH_patient","",""
"","1134","DR-TC37: Verificar rechazo en la creación de profesional con last_name excediendo longitud máxima","tests.Professional","Tue Nov 04 00:09:47 UTC 2025","skipped","Tue Nov 04 00:09:48 UTC 2025","","test_DR_US_02_POST_professional","",""
"","281","DR-TC89: Verificar actualización exitosa de un profesional modificando solo el campo personal_email","tests.Professional","Tue Nov 04 00:10:27 UTC 2025","passed","Tue Nov 04 00:10:28 UTC 2025","","test_DR_US_04_PATCH_professional","",""
"","1083","DR-TC70: Verificar que se puede registrar un profesional con country Argentina","tests.Professional","Tue Nov 04 00:10:10 UTC 2025","passed","Tue Nov 04 00:10:11 UTC 2025","","test_DR_US_02_POST_professional","",""
"","247","DR-TC254: Verificar que se pueda actualizar un paciente con fissure_type Flap izquierdo","tests.Patient","Tue Nov 04 00:07:53 UTC 2025","passed","Tue Nov 04 00:07:53 UTC 2025","","test_DR_US_08_PATCH_patient","",""
"","215","DR-TC239: Verificar actualización exitosa de un paciente modificando solo el campo date_of_birth","tests.Patient","Tue Nov 04 00:07:30 UTC 2025","passed","Tue Nov 04 00:07:30 UTC 2025","","test_DR_US_08_PATCH_patient","",""
"","0","DR-TC190: Verificar que no se complete el registro de un paciente con solo caracteres especiales en city","tests.Patient","Tue Nov 04 00:06:41 UTC 2025","skipped","Tue Nov 04 00:06:41 UTC 2025","","test_DR_US_06_POST_patient","",""
"","462","DR-TC219: Verificar que no se pueda crear un paciente con token invalido","tests.Patient","Tue Nov 04 00:07:17 UTC 2025","passed","Tue Nov 04 00:07:18 UTC 2025","","test_DR_US_06_POST_patient","",""
"","211","DR-TC245: Verificar actualización exitosa de un paciente modificando solo el campo ref_number_2","tests.Patient","Tue Nov 04 00:07:39 UTC 2025","passed","Tue Nov 04 00:07:39 UTC 2025","","test_DR_US_08_PATCH_patient","",""
"","195","DR-TC317: Verificar eliminación de paciente fallida con token invalido","tests.Patient","Tue Nov 04 00:09:17 UTC 2025","passed","Tue Nov 04 00:09:17 UTC 2025","","test_DR_US_09_DELETE_patient","",""
"","234","DR-TC105: Verificar que no se pueda actualizar un profesional con date_of_birth con un valor vacio","tests.Professional","Tue Nov 04 00:11:00 UTC 2025","passed","Tue Nov 04 00:11:01 UTC 2025","","test_DR_US_04_PATCH_professional","",""
"","195","DR-TC327: Verificar que no se pueda obtener el registro fotográfico de un paciente con ID que no existente","tests.Patient","Tue Nov 04 00:09:32 UTC 2025","skipped","Tue Nov 04 00:09:33 UTC 2025","","test_DR_US_11_GET_patient_photographic_record","",""
"","211","DR-TC307: Verificar rechazo en actualizar un paciente con address excediendo longitud máxima","tests.Patient","Tue Nov 04 00:09:05 UTC 2025","skipped","Tue Nov 04 00:09:05 UTC 2025","","test_DR_US_08_PATCH_patient","",""
"","1134","DR-TC14: Verificar registro de profesional únicamente con los campos obligatorios","tests.Professional","Tue Nov 04 00:09:35 UTC 2025","passed","Tue Nov 04 00:09:36 UTC 2025","","test_DR_US_02_POST_professional","",""
"","1","DR-TC115: Verificar que no se pueda actualizar un profesional con last_name con un valor de solo espacios","tests.Professional","Tue Nov 04 00:11:20 UTC 2025","skipped","Tue Nov 04 00:11:20 UTC 2025","","test_DR_US_04_PATCH_professional","",""
"","1046","DR-TC39: Verificar rechazo en la creación de profesional con country excediendo longitud máxima","tests.Professional","Tue Nov 04 00:09:58 UTC 2025","passed","Tue Nov 04 00:09:59 UTC 2025","","test_DR_US_02_POST_professional","",""
"","1833","DR-TC178: Verificar que se puede registrar un paciente con sex femenino","tests.Patient","Tue Nov 04 00:06:25 UTC 2025","passed","Tue Nov 04 00:06:27 UTC 2025","","test_DR_US_06_POST_patient","",""
"","1077","DR-TC46: Verificar rechazo en la creación de profesional con profession excediendo longitud máxima","tests.Professional","Tue Nov 04 00:09:55 UTC 2025","skipped","Tue Nov 04 00:09:56 UTC 2025","","test_DR_US_02_POST_professional","",""
"","170","DR-TC233: Verificar fallo en obtención de lista de pacientes con método HTTP incorrecto DELETE","tests.Patient","Tue Nov 04 00:07:21 UTC 2025","passed","Tue Nov 04 00:07:21 UTC 2025","","test_DR_US_07_GET_patient","",""
"","1850","DR-TC209: Verificar rechazo en la creación de paciente con dni excediendo longitud máxima","tests.Patient","Tue Nov 04 00:07:00 UTC 2025","skipped","Tue Nov 04 00:07:02 UTC 2025","","test_DR_US_06_POST_patient","",""
"","416","DR-TC257: Verificar que no se pueda actualizar un paciente con first_name con un valor vacio","tests.Patient","Tue Nov 04 00:07:57 UTC 2025","passed","Tue Nov 04 00:07:58 UTC 2025","","test_DR_US_08_PATCH_patient","",""
"","269","DR-TC151: Verificar que no se pueda actualizar un profesional con token sin permisos","tests.Professional","Tue Nov 04 00:12:19 UTC 2025","passed","Tue Nov 04 00:12:20 UTC 2025","","test_DR_US_04_PATCH_professional","",""
"","258","DR-TC312: Verificar que no se pueda actualizar un paciente con token invalido","tests.Patient","Tue Nov 04 00:09:15 UTC 2025","passed","Tue Nov 04 00:09:15 UTC 2025","","test_DR_US_08_PATCH_patient","",""
"","1713","DR-TC210: Verificar rechazo en la creación de paciente con ref_number_1 excediendo longitud máxima","tests.Patient","Tue Nov 04 00:07:02 UTC 2025","skipped","Tue Nov 04 00:07:04 UTC 2025","","test_DR_US_06_POST_patient","",""
"","281","DR-TC293: Verificar que no se pueda actualizar un paciente con ref_number_2 con un valor inválido","tests.Patient","Tue Nov 04 00:08:48 UTC 2025","skipped","Tue Nov 04 00:08:48 UTC 2025","","test_DR_US_08_PATCH_patient","",""
"","1716","DR-TC180: Verificar que se puede registrar un paciente con country México","tests.Patient","Tue Nov 04 00:06:29 UTC 2025","passed","Tue Nov 04 00:06:31 UTC 2025","","test_DR_US_06_POST_patient","",""
"","172","DR-TC161: Verificar eliminación de profesional fallida sin autenticación","tests.Professional","Tue Nov 04 00:12:22 UTC 2025","passed","Tue Nov 04 00:12:22 UTC 2025","","test_DR_US_05_DELETE_professional","",""
"","276","DR-TC304: Verificar rechazo en actualizar un paciente con fissure_type excediendo longitud máxima","tests.Patient","Tue Nov 04 00:09:10 UTC 2025","skipped","Tue Nov 04 00:09:10 UTC 2025","","test_DR_US_08_PATCH_patient","",""
"","230","DR-TC255: Verificar que se pueda actualizar un paciente con fissure_type Flap Bilateral","tests.Patient","Tue Nov 04 00:07:54 UTC 2025","passed","Tue Nov 04 00:07:54 UTC 2025","","test_DR_US_08_PATCH_patient","",""
"","283","DR‑TC234: Verificar actualización de datos de un paciente con todos los campos válidos","tests.Patient","Tue Nov 04 00:07:22 UTC 2025","passed","Tue Nov 04 00:07:22 UTC 2025","","test_DR_US_08_PATCH_patient","",""
"","271","DR-TC250: Verificar que se pueda actualizar un paciente con country Bolivia","tests.Patient","Tue Nov 04 00:07:46 UTC 2025","passed","Tue Nov 04 00:07:47 UTC 2025","","test_DR_US_08_PATCH_patient","",""
"","276","DR-TC104: Verificar que no se pueda actualizar un profesional con last_name con un valor vacio","tests.Professional","Tue Nov 04 00:10:59 UTC 2025","passed","Tue Nov 04 00:10:59 UTC 2025","","test_DR_US_04_PATCH_professional","",""
"","218","DR-TC20: Verificar que no se pueda registrar un profesional sin dni","tests.Professional","Tue Nov 04 00:09:37 UTC 2025","passed","Tue Nov 04 00:09:37 UTC 2025","","test_DR_US_02_POST_professional","",""
"","249","DR-TC243: Verificar actualización exitosa de un paciente modificando solo el campo dni","tests.Patient","Tue Nov 04 00:07:36 UTC 2025","passed","Tue Nov 04 00:07:36 UTC 2025","","test_DR_US_08_PATCH_patient","",""
"","1121","DR-TC44: Verificar rechazo en la creación de profesional con personal_email excediendo longitud máxima","tests.Professional","Tue Nov 04 00:09:53 UTC 2025","skipped","Tue Nov 04 00:09:54 UTC 2025","","test_DR_US_02_POST_professional","",""
"","1","DR-TC118: Verificar que no se pueda actualizar un profesional con profession con un valor de solo espacios","tests.Professional","Tue Nov 04 00:11:25 UTC 2025","skipped","Tue Nov 04 00:11:25 UTC 2025","","test_DR_US_04_PATCH_professional","",""
"","0","DR-TC284: Verificar que no se pueda actualizar un paciente con address con caracteres especiales","tests.Patient","Tue Nov 04 00:08:35 UTC 2025","skipped","Tue Nov 04 00:08:35 UTC 2025","","test_DR_US_08_PATCH_patient","",""
"","240","DR-TC99: Verificar que se pueda actualizar un profesional con country República Dominicana","tests.Professional","Tue Nov 04 00:10:50 UTC 2025","passed","Tue Nov 04 00:10:50 UTC 2025","","test_DR_US_04_PATCH_professional","",""
"","151","DR-TC09: Verificar login fallido con método HTTP incorrecto GET","tests.Login","Tue Nov 04 00:06:10 UTC 2025","skipped","Tue Nov 04 00:06:10 UTC 2025","","test_DR_US_01_Login","",""
"","269","DR-TC235: Verificar actualización exitosa de un paciente modificando solo el campo first_name","tests.Patient","Tue Nov 04 00:07:24 UTC 2025","passed","Tue Nov 04 00:07:24 UTC 2025","","test_DR_US_08_PATCH_patient","",""
"","234","DR-TC131: Verificar que no se pueda actualizar un profesional con phone con un valor inválido","tests.Professional","Tue Nov 04 00:11:51 UTC 2025","skipped","Tue Nov 04 00:11:51 UTC 2025","","test_DR_US_04_PATCH_professional","",""
"","244","DR-TC130: Verificar que no se pueda actualizar un profesional con personal_email con un valor inválido","tests.Professional","Tue Nov 04 00:11:49 UTC 2025","skipped","Tue Nov 04 00:11:50 UTC 2025","","test_DR_US_04_PATCH_professional","",""
"","269","DR-TC300: Verificar rechazo en actualizar un paciente con country excediendo longitud máxima","tests.Patient","Tue Nov 04 00:09:08 UTC 2025","skipped","Tue Nov 04 00:09:08 UTC 2025","","test_DR_US_08_PATCH_patient","",""
"","192","DR-TC162: Verificar eliminación de profesional fallida con token invalido","tests.Professional","Tue Nov 04 00:12:22 UTC 2025","passed","Tue Nov 04 00:12:22 UTC 2025","","test_DR_US_05_DELETE_professional","",""
"","0","DR-TC124: Verificar que no se pueda actualizar un profesional con first_name con caracteres especiales","tests.Professional","Tue Nov 04 00:11:33 UTC 2025","skipped","Tue Nov 04 00:11:33 UTC 2025","","test_DR_US_04_PATCH_professional","",""
"","1939","DR-TC184: Verificar que se puede registrar un paciente con country Flap Bilateral","tests.Patient","Tue Nov 04 00:06:37 UTC 2025","passed","Tue Nov 04 00:06:39 UTC 2025","","test_DR_US_06_POST_patient","",""
"","489","DR-TC166: Verificar que no se pueda registrar un paciente sin first_name","tests.Patient","Tue Nov 04 00:06:16 UTC 2025","passed","Tue Nov 04 00:06:16 UTC 2025","","test_DR_US_06_POST_patient","",""
"","0","DR-TC58: Verificar que no se complete el registro de un profesional con solo caracteres especiales en city","tests.Professional","Tue Nov 04 00:09:39 UTC 2025","skipped","Tue Nov 04 00:09:39 UTC 2025","","test_DR_US_02_POST_professional","",""
"","1155","DR-TC43: Verificar rechazo en la creación de profesional con dni excediendo longitud máxima","tests.Professional","Tue Nov 04 00:09:51 UTC 2025","skipped","Tue Nov 04 00:09:53 UTC 2025","","test_DR_US_02_POST_professional","",""
"","193","DR-TC62: Verificar que no se pueda crear un profesional con token sin permisos","tests.Professional","Tue Nov 04 00:10:00 UTC 2025","passed","Tue Nov 04 00:10:00 UTC 2025","","test_DR_US_02_POST_professional","",""
"","259","DR‑TC93: Verificar actualización exitosa de un profesional modificando solo el campo photo","tests.Professional","Tue Nov 04 00:10:35 UTC 2025","passed","Tue Nov 04 00:10:35 UTC 2025","","test_DR_US_04_PATCH_professional","",""
"","242","DR-TC97: Verificar que se pueda actualizar un profesional con country México","tests.Professional","Tue Nov 04 00:10:47 UTC 2025","passed","Tue Nov 04 00:10:47 UTC 2025","","test_DR_US_04_PATCH_professional","",""
"","244","DR-TC244: Verificar actualización exitosa de un paciente modificando solo el campo ref_number_1","tests.Patient","Tue Nov 04 00:07:37 UTC 2025","passed","Tue Nov 04 00:07:38 UTC 2025","","test_DR_US_08_PATCH_patient","",""
"","397","DR-TC03: Verificar login fallido con usuario inválido","tests.Login","Tue Nov 04 00:06:07 UTC 2025","passed","Tue Nov 04 00:06:08 UTC 2025","","test_DR_US_01_Login","",""
"","199","DR-TC232: Verificar fallo en obtención de lista de pacientes con método HTTP incorrecto PATCH","tests.Patient","Tue Nov 04 00:07:20 UTC 2025","passed","Tue Nov 04 00:07:21 UTC 2025","","test_DR_US_07_GET_patient","",""
"","415","DR-TC169: Verificar que no se pueda registrar un paciente sin sex","tests.Patient","Tue Nov 04 00:06:17 UTC 2025","passed","Tue Nov 04 00:06:18 UTC 2025","","test_DR_US_06_POST_patient","",""
"","281","DR-TC144: Verificar rechazo en actualizar un profesional con specialty excediendo longitud máxima","tests.Professional","Tue Nov 04 00:12:08 UTC 2025","skipped","Tue Nov 04 00:12:08 UTC 2025","","test_DR_US_04_PATCH_professional","",""
"","223","DR-TC28: Verificar que no se registre un profesional con date_of_birth en formato inválido mm/dd/aaaa","tests.Professional","Tue Nov 04 00:09:39 UTC 2025","passed","Tue Nov 04 00:09:39 UTC 2025","","test_DR_US_02_POST_professional","",""
"","248","DR-TC52: Verificar fallo en el registro de profesional con método HTTP incorrecto DELETE","tests.Professional","Tue Nov 04 00:10:00 UTC 2025","passed","Tue Nov 04 00:10:01 UTC 2025","","test_DR_US_02_POST_professional","",""
"","0","DR-TC277: Verificar que no se pueda actualizar un paciente con fissure_type con un valor de solo espacios","tests.Patient","Tue Nov 04 00:08:26 UTC 2025","skipped","Tue Nov 04 00:08:26 UTC 2025","","test_DR_US_08_PATCH_patient","",""
"","345","DR-TC06: Verificar login fallido con usuario vacío y contraseña válida","tests.Login","Tue Nov 04 00:06:09 UTC 2025","passed","Tue Nov 04 00:06:09 UTC 2025","","test_DR_US_01_Login","",""
"","0","DR-TC225: Verificar fallo en el registro de paciente con payload invalido","tests.Patient","Tue Nov 04 00:07:19 UTC 2025","skipped","Tue Nov 04 00:07:19 UTC 2025","","test_DR_US_06_POST_patient","",""
"","1909","DR-TC181: Verificar que se puede registrar un paciente con country Perú","tests.Patient","Tue Nov 04 00:06:31 UTC 2025","passed","Tue Nov 04 00:06:33 UTC 2025","","test_DR_US_06_POST_patient","",""
"","265","DR-TC100: Verificar que se pueda actualizar un profesional con country Estados Unidos","tests.Professional","Tue Nov 04 00:10:51 UTC 2025","passed","Tue Nov 04 00:10:52 UTC 2025","","test_DR_US_04_PATCH_professional","",""
"","281","DR-TC143: Verificar rechazo en actualizar un profesional con profession excediendo longitud máxima","tests.Professional","Tue Nov 04 00:12:06 UTC 2025","skipped","Tue Nov 04 00:12:06 UTC 2025","","test_DR_US_04_PATCH_professional","",""
"","178","DR-TC160: Verificar que no se pueda eliminar un profesional con ID no existente","tests.Professional","Tue Nov 04 00:12:21 UTC 2025","passed","Tue Nov 04 00:12:22 UTC 2025","","test_DR_US_05_DELETE_professional","",""
"","192","DR-TC126: Verificar que no se pueda actualizar un profesional con date_of_birth con formato inválido mm/dd/aaaa","tests.Professional","Tue Nov 04 00:11:42 UTC 2025","passed","Tue Nov 04 00:11:42 UTC 2025","","test_DR_US_04_PATCH_professional","",""
"","231","DR-TC264: Verificar que no se pueda actualizar un paciente con dni con un valor vacio","tests.Patient","Tue Nov 04 00:08:09 UTC 2025","passed","Tue Nov 04 00:08:09 UTC 2025","","test_DR_US_08_PATCH_patient","",""
"","209","DR-TC237: Verificar actualización exitosa de un paciente modificando solo el campo father_name","tests.Patient","Tue Nov 04 00:07:27 UTC 2025","passed","Tue Nov 04 00:07:27 UTC 2025","","test_DR_US_08_PATCH_patient","",""
"","222","DR-TC18: Verificar que no se pueda registrar un profesional sin sex","tests.Professional","Tue Nov 04 00:09:37 UTC 2025","passed","Tue Nov 04 00:09:37 UTC 2025","","test_DR_US_02_POST_professional","",""
"","0","DR-TC57: Verificar que no se complete el registro de un profesional con solo caracteres especiales en specialty","tests.Professional","Tue Nov 04 00:09:39 UTC 2025","skipped","Tue Nov 04 00:09:39 UTC 2025","","test_DR_US_02_POST_professional","",""
"","0","DR-TC200: Verificar que no se registre un paciente con country inválido Estados Unidos","tests.Patient","Tue Nov 04 00:06:52 UTC 2025","skipped","Tue Nov 04 00:06:52 UTC 2025","","test_DR_US_06_POST_patient","",""
"","1","DR-TC270: Verificar que no se pueda actualizar un paciente con father_name con un valor de solo espacios","tests.Patient","Tue Nov 04 00:08:17 UTC 2025","skipped","Tue Nov 04 00:08:17 UTC 2025","","test_DR_US_08_PATCH_patient","",""
"","235","DR-TC95: Verificar que se pueda actualizar un profesional con sex femenino","tests.Professional","Tue Nov 04 00:10:40 UTC 2025","passed","Tue Nov 04 00:10:40 UTC 2025","","test_DR_US_04_PATCH_professional","",""
"","274","DR-TC305: Verificar rechazo en actualizar un paciente con city excediendo longitud máxima","tests.Patient","Tue Nov 04 00:09:02 UTC 2025","skipped","Tue Nov 04 00:09:02 UTC 2025","","test_DR_US_08_PATCH_patient","",""
"","1909","DR-TC212: Verificar rechazo en la creación de paciente con fissure_type excediendo longitud máxima","tests.Patient","Tue Nov 04 00:07:15 UTC 2025","passed","Tue Nov 04 00:07:17 UTC 2025","","test_DR_US_06_POST_patient","",""
"","235","DR-TC265: Verificar que no se pueda actualizar un paciente con ref_number_1 con un valor vacio","tests.Patient","Tue Nov 04 00:08:10 UTC 2025","passed","Tue Nov 04 00:08:10 UTC 2025","","test_DR_US_08_PATCH_patient","",""
"","233","DR-TC240: Verificar actualización exitosa de un paciente modificando solo el campo city","tests.Patient","Tue Nov 04 00:07:31 UTC 2025","passed","Tue Nov 04 00:07:32 UTC 2025","","test_DR_US_08_PATCH_patient","",""
"","234","DR‑TC148: Verificar que no se pueda actualizar un profesional inexistente","tests.Professional","Tue Nov 04 00:12:15 UTC 2025","passed","Tue Nov 04 00:12:15 UTC 2025","","test_DR_US_04_PATCH_professional","",""
"","0","DR-TC56: Verificar que no se complete el registro de un profesional con solo caracteres especiales en profession","tests.Professional","Tue Nov 04 00:09:39 UTC 2025","skipped","Tue Nov 04 00:09:39 UTC 2025","","test_DR_US_02_POST_professional","",""
"","495","DR-TC197: Verificar que no se registre un paciente con date_of_birth en formato inválido aaaa/dd/mm","tests.Patient","Tue Nov 04 00:06:51 UTC 2025","passed","Tue Nov 04 00:06:52 UTC 2025","","test_DR_US_06_POST_patient","",""
"","0","DR-TC121: Verificar que no se pueda actualizar un profesional con sex con un valor de solo espacios","tests.Professional","Tue Nov 04 00:11:29 UTC 2025","skipped","Tue Nov 04 00:11:29 UTC 2025","","test_DR_US_04_PATCH_professional","",""
"","0","DR-TC116: Verificar que no se pueda actualizar un profesional con dni con un valor de solo espacios","tests.Professional","Tue Nov 04 00:11:23 UTC 2025","skipped","Tue Nov 04 00:11:23 UTC 2025","","test_DR_US_04_PATCH_professional","",""
"","243","DR-TC241: Verificar actualización exitosa de un paciente modificando solo el campo province","tests.Patient","Tue Nov 04 00:07:33 UTC 2025","passed","Tue Nov 04 00:07:33 UTC 2025","","test_DR_US_08_PATCH_patient","",""
"","238","DR-TC137: Verificar rechazo en actualizar un profesional con city excediendo longitud máxima","tests.Professional","Tue Nov 04 00:11:57 UTC 2025","skipped","Tue Nov 04 00:11:57 UTC 2025","","test_DR_US_04_PATCH_professional","",""
"","244","DR-TC141: Verificar rechazo en actualizar un profesional con personal_email excediendo longitud máxima","tests.Professional","Tue Nov 04 00:12:03 UTC 2025","skipped","Tue Nov 04 00:12:03 UTC 2025","","test_DR_US_04_PATCH_professional","",""
"","340","DR-TC12: Verificar login fallido con un payload invalido","tests.Login","Tue Nov 04 00:06:10 UTC 2025","passed","Tue Nov 04 00:06:11 UTC 2025","","test_DR_US_01_Login","",""
"","250","DR‑TC120: Verificar que no se pueda actualizar un profesional con date_of_birth con un valor de solo espacios","tests.Professional","Tue Nov 04 00:11:28 UTC 2025","passed","Tue Nov 04 00:11:28 UTC 2025","","test_DR_US_04_PATCH_professional","",""
"","1885","DR-TC208: Verificar rechazo en la creación de paciente con country excediendo longitud máxima","tests.Patient","Tue Nov 04 00:07:13 UTC 2025","passed","Tue Nov 04 00:07:15 UTC 2025","","test_DR_US_06_POST_patient","",""
"","273","DR-TC84: Verificar actualización exitosa de un profesional modificando solo el campo date_of_birth","tests.Professional","Tue Nov 04 00:10:20 UTC 2025","passed","Tue Nov 04 00:10:20 UTC 2025","","test_DR_US_04_PATCH_professional","",""
"","0","DR-TC217: Verificar que no se registre un paciente con dni duplicado","tests.Patient","Tue Nov 04 00:07:17 UTC 2025","skipped","Tue Nov 04 00:07:17 UTC 2025","","test_DR_US_06_POST_patient","",""
"","195","DR-TC149: Verificar que no se pueda actualizar un profesional sin autenticación","tests.Professional","Tue Nov 04 00:12:16 UTC 2025","passed","Tue Nov 04 00:12:17 UTC 2025","","test_DR_US_04_PATCH_professional","",""
"","269","DR-TC302: Verificar rechazo en actualizar un paciente con ref_number_1 excediendo longitud máxima","tests.Patient","Tue Nov 04 00:08:59 UTC 2025","skipped","Tue Nov 04 00:08:59 UTC 2025","","test_DR_US_08_PATCH_patient","",""
"","155","DR-TC220: Verificar fallo en el registro de paciente con método HTTP incorrecto GET","tests.Patient","Tue Nov 04 00:07:18 UTC 2025","skipped","Tue Nov 04 00:07:18 UTC 2025","","test_DR_US_06_POST_patient","",""
"","206","DR-TC91: Verificar actualización exitosa de un profesional modificando solo el campo profession","tests.Professional","Tue Nov 04 00:10:31 UTC 2025","passed","Tue Nov 04 00:10:31 UTC 2025","","test_DR_US_04_PATCH_professional","",""
"","1494","DR-TC204: Verificar rechazo en la creación de paciente con last_name excediendo longitud máxima","tests.Patient","Tue Nov 04 00:06:55 UTC 2025","skipped","Tue Nov 04 00:06:56 UTC 2025","","test_DR_US_06_POST_patient","",""
"","1","DR-TC223: Verificar que no se registre un paciente con country inválido Argentina","tests.Patient","Tue Nov 04 00:06:52 UTC 2025","skipped","Tue Nov 04 00:06:52 UTC 2025","","test_DR_US_06_POST_patient","",""
"","4609","test_DR_TC_330_Patient","tests.e2e","Tue Nov 04 00:12:22 UTC 2025","passed","Tue Nov 04 00:12:27 UTC 2025","","test_DR_US_12_e2e_patient","",""
"","213","DR-TC158: Verificar eliminación de profesional existente","tests.Professional","Tue Nov 04 00:12:21 UTC 2025","passed","Tue Nov 04 00:12:21 UTC 2025","","test_DR_US_05_DELETE_professional","",""
"","234","DR-TC248: Verificar que se pueda actualizar un paciente con sex masculino","tests.Patient","Tue Nov 04 00:07:43 UTC 2025","passed","Tue Nov 04 00:07:44 UTC 2025","","test_DR_US_08_PATCH_patient","",""
"","269","DR-TC103: Verificar que no se pueda actualizar un profesional con first_name con un valor vacio","tests.Professional","Tue Nov 04 00:10:57 UTC 2025","passed","Tue Nov 04 00:10:57 UTC 2025","","test_DR_US_04_PATCH_professional","",""
"","345","DR-TC326: Verificar que no se pueda obtener el registro fotográfico de un paciente con ID inválido","tests.Patient","Tue Nov 04 00:09:32 UTC 2025","passed","Tue Nov 04 00:09:32 UTC 2025","","test_DR_US_11_GET_patient_photographic_record","",""
"","0","DR-TC268: Verificar que no se pueda actualizar un paciente con first_name con un valor de solo espacios","tests.Patient","Tue Nov 04 00:08:15 UTC 2025","skipped","Tue Nov 04 00:08:15 UTC 2025","","test_DR_US_08_PATCH_patient","",""
"","235","DR-TC263: Verificar que no se pueda actualizar un paciente con country con un valor vacio","tests.Patient","Tue Nov 04 00:08:07 UTC 2025","passed","Tue Nov 04 00:08:07 UTC 2025","","test_DR_US_08_PATCH_patient","",""
"","191","DR-TC76: Verificar que no se pueda obtener la lista de profesionales sin autenticación","tests.Professional","Tue Nov 04 00:10:13 UTC 2025","passed","Tue Nov 04 00:10:13 UTC 2025","","test_DR_US_03_GET_professional","",""
"","239","DR-TC246: Verificar actualización exitosa de un paciente modificando solo el campo fissure_type","tests.Patient","Tue Nov 04 00:07:40 UTC 2025","passed","Tue Nov 04 00:07:41 UTC 2025","","test_DR_US_08_PATCH_patient","",""
"","270","DR-TC296: Verificar rechazo en actualizar un paciente con last_name excediendo longitud máxima","tests.Patient","Tue Nov 04 00:08:53 UTC 2025","skipped","Tue Nov 04 00:08:53 UTC 2025","","test_DR_US_08_PATCH_patient","",""
"","269","DR-TC107: Verificar que no se pueda actualizar un profesional con country con un valor vacio","tests.Professional","Tue Nov 04 00:11:04 UTC 2025","passed","Tue Nov 04 00:11:04 UTC 2025","","test_DR_US_04_PATCH_professional","",""
"","1919","DR-TC206: Verificar rechazo en la creación de paciente con mother_name excediendo longitud máxima","tests.Patient","Tue Nov 04 00:06:58 UTC 2025","skipped","Tue Nov 04 00:07:00 UTC 2025","","test_DR_US_06_POST_patient","",""
"","0","DR-TC198: Verificar que no se registre un paciente con date_of_birth en el futuro","tests.Patient","Tue Nov 04 00:06:52 UTC 2025","skipped","Tue Nov 04 00:06:52 UTC 2025","","test_DR_US_06_POST_patient","",""
"","1040","DR-TC71: Verificar que se puede registrar un profesional con country Brasil","tests.Professional","Tue Nov 04 00:10:11 UTC 2025","passed","Tue Nov 04 00:10:12 UTC 2025","","test_DR_US_02_POST_professional","",""
"","1888","DR-TC215: Verificar rechazo en la creación de paciente con address excediendo longitud máxima","tests.Patient","Tue Nov 04 00:07:09 UTC 2025","skipped","Tue Nov 04 00:07:11 UTC 2025","","test_DR_US_06_POST_patient","",""
"","1922","DR-TC195: Verificar que no se registre un paciente con ref_number_2 inválido","tests.Patient","Tue Nov 04 00:06:45 UTC 2025","skipped","Tue Nov 04 00:06:47 UTC 2025","","test_DR_US_06_POST_patient","",""
"","1824","DR-TC199: Verificar que no se registre un paciente con sex inválido","tests.Patient","Tue Nov 04 00:06:47 UTC 2025","passed","Tue Nov 04 00:06:49 UTC 2025","","test_DR_US_06_POST_patient","",""
"","301","DR-TC313: Verificar eliminación de paciente existente","tests.Patient","Tue Nov 04 00:09:16 UTC 2025","passed","Tue Nov 04 00:09:16 UTC 2025","","test_DR_US_09_DELETE_patient","",""
"","0","DR-TC145: Verificar que no se pueda actualizar personal_email a un valor ya existente en otro profesional","tests.Professional","Tue Nov 04 00:12:12 UTC 2025","skipped","Tue Nov 04 00:12:12 UTC 2025","","test_DR_US_04_PATCH_professional","",""
"","0","DR-TC123: Verificar que no se pueda actualizar un profesional con personal_email con un valor de solo espacios","tests.Professional","Tue Nov 04 00:11:32 UTC 2025","skipped","Tue Nov 04 00:11:32 UTC 2025","","test_DR_US_04_PATCH_professional","",""
"","260","DR-TC150: Verificar que no se pueda actualizar un profesional con token invalido","tests.Professional","Tue Nov 04 00:12:18 UTC 2025","passed","Tue Nov 04 00:12:18 UTC 2025","","test_DR_US_04_PATCH_professional","",""
"","234","DR-TC262: Verificar que no se pueda actualizar un paciente con sex con un valor vacio","tests.Patient","Tue Nov 04 00:08:05 UTC 2025","passed","Tue Nov 04 00:08:05 UTC 2025","","test_DR_US_08_PATCH_patient","",""
"","339","DR-TC230: Verificar que no se pueda obtener la lista de pacientes sin autenticación","tests.Patient","Tue Nov 04 00:07:20 UTC 2025","passed","Tue Nov 04 00:07:20 UTC 2025","","test_DR_US_07_GET_patient","",""
"","375","DR-TC323: Verificar registro fotográfico fallido de paciente sin autenticación","tests.Patient","Tue Nov 04 00:09:31 UTC 2025","passed","Tue Nov 04 00:09:31 UTC 2025","","test_DR_US_10_POST_patient_photographic_record","",""
"","1","DR-TC54: Verificar que no se registre un profesional con dni duplicado","tests.Professional","Tue Nov 04 00:10:01 UTC 2025","skipped","Tue Nov 04 00:10:01 UTC 2025","","test_DR_US_02_POST_professional","",""
"","384","DR-TC51: Verificar fallo en el registro de profesional con método HTTP incorrecto PUT","tests.Professional","Tue Nov 04 00:10:00 UTC 2025","passed","Tue Nov 04 00:10:00 UTC 2025","","test_DR_US_02_POST_professional","",""
"","8193","DR-TC318: Verificar el registro fotográfico de un paciente","tests.Patient","Tue Nov 04 00:09:19 UTC 2025","passed","Tue Nov 04 00:09:27 UTC 2025","","test_DR_US_10_POST_patient_photographic_record","",""
"","206","DR‑TC132: Verificar que no se pueda actualizar un profesional con photo con un formato invalido","tests.Professional","Tue Nov 04 00:11:53 UTC 2025","passed","Tue Nov 04 00:11:53 UTC 2025","","test_DR_US_04_PATCH_professional","",""
"","0","DR-TC157: Verificar que no se pueda actualizar un profesional con address con caracteres especiales","tests.Professional","Tue Nov 04 00:11:41 UTC 2025","skipped","Tue Nov 04 00:11:41 UTC 2025","","test_DR_US_04_PATCH_professional","",""
"","186","DR‑TC294: Verificar que no se pueda actualizar un paciente con photo con formato invalido","tests.Patient","Tue Nov 04 00:08:50 UTC 2025","passed","Tue Nov 04 00:08:50 UTC 2025","","test_DR_US_08_PATCH_patient","",""
"","197","DR-TC311: Verificar que no se pueda actualizar un paciente sin autenticación","tests.Patient","Tue Nov 04 00:09:13 UTC 2025","passed","Tue Nov 04 00:09:13 UTC 2025","","test_DR_US_08_PATCH_patient","",""
"","198","DR-TC328: Verificar que no se pueda obtener el registro fotográfico de pacientesin autenticación","tests.Patient","Tue Nov 04 00:09:33 UTC 2025","passed","Tue Nov 04 00:09:33 UTC 2025","","test_DR_US_11_GET_patient_photographic_record","",""
"","2000","DR-TC203: Verificar rechazo en la creación de paciente con first_name excediendo longitud máxima","tests.Patient","Tue Nov 04 00:06:53 UTC 2025","skipped","Tue Nov 04 00:06:55 UTC 2025","","test_DR_US_06_POST_patient","",""
"","174","DR-TC74:  Verificar que no se pueda obtener los datos de un profesional con ID inválido","tests.Professional","Tue Nov 04 00:10:13 UTC 2025","passed","Tue Nov 04 00:10:13 UTC 2025","","test_DR_US_03_GET_professional","",""
"","471","DR-TC222: Verificar fallo en el registro de paciente con método HTTP incorrecto DELETE","tests.Patient","Tue Nov 04 00:07:18 UTC 2025","passed","Tue Nov 04 00:07:19 UTC 2025","","test_DR_US_06_POST_patient","",""
"","238","DR-TC260: Verificar que no se pueda actualizar un paciente con mother_name con un valor vacio","tests.Patient","Tue Nov 04 00:08:02 UTC 2025","passed","Tue Nov 04 00:08:02 UTC 2025","","test_DR_US_08_PATCH_patient","",""
"","195","DR-TC163: Verificar eliminación de profesional fallida con token sin permisos","tests.Professional","Tue Nov 04 00:12:22 UTC 2025","passed","Tue Nov 04 00:12:22 UTC 2025","","test_DR_US_05_DELETE_professional","",""
"","371","DR-TC226: Verificar obtención de lista de pacientes","tests.Patient","Tue Nov 04 00:07:19 UTC 2025","skipped","Tue Nov 04 00:07:19 UTC 2025","","test_DR_US_07_GET_patient","",""
"","196","DR-TC319: Verificar registro fotográfico fallido sin photo_path","tests.Patient","Tue Nov 04 00:09:28 UTC 2025","passed","Tue Nov 04 00:09:28 UTC 2025","","test_DR_US_10_POST_patient_photographic_record","",""
"","0","DR-TC60: Verificar que no se complete el registro de un profesional con solo caracteres especiales en address","tests.Professional","Tue Nov 04 00:09:39 UTC 2025","skipped","Tue Nov 04 00:09:39 UTC 2025","","test_DR_US_02_POST_professional","",""
"","211","DR-TC72: Verificar obtención de lista de profesionales","tests.Professional","Tue Nov 04 00:10:12 UTC 2025","passed","Tue Nov 04 00:10:12 UTC 2025","","test_DR_US_03_GET_professional","",""
"","0","DR-TC122: Verificar que no se pueda actualizar un profesional con country con un valor de solo espacios","tests.Professional","Tue Nov 04 00:11:30 UTC 2025","skipped","Tue Nov 04 00:11:30 UTC 2025","","test_DR_US_04_PATCH_professional","",""
"","210","DR-TC129: Verificar que no se pueda actualizar un profesional con country con un valor inválido","tests.Professional","Tue Nov 04 00:11:48 UTC 2025","skipped","Tue Nov 04 00:11:48 UTC 2025","","test_DR_US_04_PATCH_professional","",""
"","1245","DR-TC34: Verificar que no se registre un profesional con phone inválido","tests.Professional","Tue Nov 04 00:09:44 UTC 2025","passed","Tue Nov 04 00:09:45 UTC 2025","","test_DR_US_02_POST_professional","",""
"","1087","DR-TC45: Verificar rechazo en la creación de profesional con phone excediendo longitud máxima","tests.Professional","Tue Nov 04 00:09:54 UTC 2025","skipped","Tue Nov 04 00:09:55 UTC 2025","","test_DR_US_02_POST_professional","",""
"","237","DR-TC242: Verificar actualización exitosa de un paciente modificando solo el campo address","tests.Patient","Tue Nov 04 00:07:34 UTC 2025","passed","Tue Nov 04 00:07:35 UTC 2025","","test_DR_US_08_PATCH_patient","",""
"","356","DR-TC322: Verificar registro fotográfico fallido con ID que no existe","tests.Patient","Tue Nov 04 00:09:31 UTC 2025","passed","Tue Nov 04 00:09:31 UTC 2025","","test_DR_US_10_POST_patient_photographic_record","",""
"","235","DR-TC301: Verificar rechazo en actualizar un paciente con dni excediendo longitud máxima","tests.Patient","Tue Nov 04 00:08:57 UTC 2025","skipped","Tue Nov 04 00:08:58 UTC 2025","","test_DR_US_08_PATCH_patient","",""
"","235","DR-TC142: Verificar rechazo en actualizar un profesional con phone excediendo longitud máxima","tests.Professional","Tue Nov 04 00:12:05 UTC 2025","skipped","Tue Nov 04 00:12:05 UTC 2025","","test_DR_US_04_PATCH_professional","",""
"","1679","DR-TC179: Verificar que se puede registrar un paciente con country Bolivia","tests.Patient","Tue Nov 04 00:06:27 UTC 2025","passed","Tue Nov 04 00:06:29 UTC 2025","","test_DR_US_06_POST_patient","",""
"","1151","DR-TC41: Verificar rechazo en la creación de profesional con province excediendo longitud máxima","tests.Professional","Tue Nov 04 00:09:49 UTC 2025","skipped","Tue Nov 04 00:09:50 UTC 2025","","test_DR_US_02_POST_professional","",""
"","234","DR-TC258: Verificar que no se pueda actualizar un paciente con last_name con un valor vacio","tests.Patient","Tue Nov 04 00:07:59 UTC 2025","passed","Tue Nov 04 00:07:59 UTC 2025","","test_DR_US_08_PATCH_patient","",""
"","1","DR-TC279: Verificar que no se pueda actualizar un paciente con last_name con caracteres especiales","tests.Patient","Tue Nov 04 00:08:29 UTC 2025","skipped","Tue Nov 04 00:08:29 UTC 2025","","test_DR_US_08_PATCH_patient","",""
"","1","DR-TC119: Verificar que no se pueda actualizar un profesional con specialty con un valor de solo espacios","tests.Professional","Tue Nov 04 00:11:26 UTC 2025","skipped","Tue Nov 04 00:11:26 UTC 2025","","test_DR_US_04_PATCH_professional","",""
"","199","DR-TC78: Verificar que no se pueda obtener la lista de profesionales con token sin permisos","tests.Professional","Tue Nov 04 00:10:13 UTC 2025","passed","Tue Nov 04 00:10:14 UTC 2025","","test_DR_US_03_GET_professional","",""
"","0","DR-TC146: Verificar que no se pueda actualizar dni a un valor ya existente en otro profesional","tests.Professional","Tue Nov 04 00:12:14 UTC 2025","skipped","Tue Nov 04 00:12:14 UTC 2025","","test_DR_US_04_PATCH_professional","",""
"","335","DR-TC10: Verificar login fallido con método HTTP incorrecto PUT","tests.Login","Tue Nov 04 00:06:10 UTC 2025","passed","Tue Nov 04 00:06:10 UTC 2025","","test_DR_US_01_Login","",""
"","1733","DR-TC194: Verificar que no se registre un paciente con ref_number_1 inválido","tests.Patient","Tue Nov 04 00:06:43 UTC 2025","skipped","Tue Nov 04 00:06:45 UTC 2025","","test_DR_US_06_POST_patient","",""
"","262","DR-TC285: Verificar que no se pueda actualizar un paciente con date_of_birth con formato inválido mm/dd/aaaa","tests.Patient","Tue Nov 04 00:08:36 UTC 2025","passed","Tue Nov 04 00:08:37 UTC 2025","","test_DR_US_08_PATCH_patient","",""
"","234","DR-TC298: Verificar rechazo en actualizar un paciente con mother_name excediendo longitud máxima","tests.Patient","Tue Nov 04 00:08:56 UTC 2025","skipped","Tue Nov 04 00:08:56 UTC 2025","","test_DR_US_08_PATCH_patient","",""
"","263","DR‑TC247: Verificar actualización exitosa de un paciente modificando solo el campo photo","tests.Patient","Tue Nov 04 00:07:42 UTC 2025","passed","Tue Nov 04 00:07:42 UTC 2025","","test_DR_US_08_PATCH_patient","",""
"","0","DR-TC114: Verificar que no se pueda actualizar un profesional con first_name con un valor de solo espacios","tests.Professional","Tue Nov 04 00:11:18 UTC 2025","skipped","Tue Nov 04 00:11:18 UTC 2025","","test_DR_US_04_PATCH_professional","",""
"","0","DR-TC154: Verificar que no se pueda actualizar un profesional con specialty con caracteres especiales","tests.Professional","Tue Nov 04 00:11:37 UTC 2025","skipped","Tue Nov 04 00:11:37 UTC 2025","","test_DR_US_04_PATCH_professional","",""
"","279","DR-TC81: Verificar actualización de datos de un profesional con todos los campos válidos","tests.Professional","Tue Nov 04 00:10:15 UTC 2025","passed","Tue Nov 04 00:10:15 UTC 2025","","test_DR_US_04_PATCH_professional","",""
"","1076","DR-TC47: Verificar rechazo en la creación de profesional con specialty excediendo longitud máxima","tests.Professional","Tue Nov 04 00:09:56 UTC 2025","skipped","Tue Nov 04 00:09:57 UTC 2025","","test_DR_US_02_POST_professional","",""
"","0","DR‑TC287: Verificar que no se pueda actualizar un paciente con date_of_birth a una fecha futura","tests.Patient","Tue Nov 04 00:08:39 UTC 2025","skipped","Tue Nov 04 00:08:39 UTC 2025","","test_DR_US_08_PATCH_patient","",""
"","1267","DR-TC36: Verificar rechazo en la creación de profesional con first_name excediendo longitud máxima","tests.Professional","Tue Nov 04 00:09:46 UTC 2025","skipped","Tue Nov 04 00:09:47 UTC 2025","","test_DR_US_02_POST_professional","",""
"","219","DR-TC102: Verificar que se pueda actualizar un profesional con country Brasil","tests.Professional","Tue Nov 04 00:10:55 UTC 2025","passed","Tue Nov 04 00:10:55 UTC 2025","","test_DR_US_04_PATCH_professional","",""
"","278","DR-TC256: Verificar que se pueda actualizar un paciente con fissure_type Flap derecho","tests.Patient","Tue Nov 04 00:07:56 UTC 2025","passed","Tue Nov 04 00:07:56 UTC 2025","","test_DR_US_08_PATCH_patient","",""
"","0","DR-TC280: Verificar que no se pueda actualizar un paciente con father_name con caracteres especiales","tests.Patient","Tue Nov 04 00:08:30 UTC 2025","skipped","Tue Nov 04 00:08:30 UTC 2025","","test_DR_US_08_PATCH_patient","",""
"","1","DR-TC117: Verificar que no se pueda actualizar un profesional con phone con un valor de solo espacios","tests.Professional","Tue Nov 04 00:11:24 UTC 2025","skipped","Tue Nov 04 00:11:24 UTC 2025","","test_DR_US_04_PATCH_professional","",""
"","269","DR-TC288: Verificar que no se pueda actualizar un paciente con sex con un valor inválido","tests.Patient","Tue Nov 04 00:08:41 UTC 2025","skipped","Tue Nov 04 00:08:41 UTC 2025","","test_DR_US_08_PATCH_patient","",""
"","205","DR-TC315: Verificar que no se pueda eliminar un paciente con ID que no existente","tests.Patient","Tue Nov 04 00:09:17 UTC 2025","passed","Tue Nov 04 00:09:17 UTC 2025","","test_DR_US_09_DELETE_patient","",""
"","1932","DR-TC211: Verificar rechazo en la creación de paciente con ref_number_2 excediendo longitud máxima","tests.Patient","Tue Nov 04 00:07:04 UTC 2025","skipped","Tue Nov 04 00:07:05 UTC 2025","","test_DR_US_06_POST_patient","",""
"","275","DR-TC303: Verificar rechazo en actualizar un paciente con ref_number_2 excediendo longitud máxima","tests.Patient","Tue Nov 04 00:09:00 UTC 2025","skipped","Tue Nov 04 00:09:01 UTC 2025","","test_DR_US_08_PATCH_patient","",""
"","254","DR-TC101: Verificar que se pueda actualizar un profesional con country Argentina","tests.Professional","Tue Nov 04 00:10:53 UTC 2025","passed","Tue Nov 04 00:10:53 UTC 2025","","test_DR_US_04_PATCH_professional","",""
"","204","DR-TC314: Verificar eliminación de paciente fallida con ID inválido","tests.Patient","Tue Nov 04 00:09:16 UTC 2025","passed","Tue Nov 04 00:09:17 UTC 2025","","test_DR_US_09_DELETE_patient","",""
"","273","DR-TC110: Verificar que no se pueda actualizar un profesional con phone con un valor vacio","tests.Professional","Tue Nov 04 00:11:09 UTC 2025","passed","Tue Nov 04 00:11:09 UTC 2025","","test_DR_US_04_PATCH_professional","",""
"","0","DR-TC53: Verificar que no se registre un profesional con personal_email duplicado","tests.Professional","Tue Nov 04 00:10:01 UTC 2025","skipped","Tue Nov 04 00:10:01 UTC 2025","","test_DR_US_02_POST_professional","",""
"","1","DR-TC278: Verificar que no se pueda actualizar un paciente con first_name con caracteres especiales","tests.Patient","Tue Nov 04 00:08:27 UTC 2025","skipped","Tue Nov 04 00:08:27 UTC 2025","","test_DR_US_08_PATCH_patient","",""
"","230","DR-TC291: Verificar que no se pueda actualizar un paciente con dni con un valor inválido","tests.Patient","Tue Nov 04 00:08:45 UTC 2025","skipped","Tue Nov 04 00:08:45 UTC 2025","","test_DR_US_08_PATCH_patient","",""
"","252","DR-TC24: Verificar que no se pueda registrar un profesional sin specialty","tests.Professional","Tue Nov 04 00:09:38 UTC 2025","passed","Tue Nov 04 00:09:38 UTC 2025","","test_DR_US_02_POST_professional","",""
"","632","DR-TC174: Verificar que no se pueda registrar un paciente sin ref_number_1","tests.Patient","Tue Nov 04 00:06:20 UTC 2025","passed","Tue Nov 04 00:06:21 UTC 2025","","test_DR_US_06_POST_patient","",""
"","345","DR-TC05: Verificar login fallido con usuario y contraseña vacíos","tests.Login","Tue Nov 04 00:06:08 UTC 2025","passed","Tue Nov 04 00:06:09 UTC 2025","","test_DR_US_01_Login","",""
"","225","DR-TC22: Verificar que no se pueda registrar un profesional sin phone","tests.Professional","Tue Nov 04 00:09:38 UTC 2025","passed","Tue Nov 04 00:09:38 UTC 2025","","test_DR_US_02_POST_professional","",""
